snp_name,chromosome,position,gene,snp_type,variant,maf
C1S672,1,845962,LOC100128838,Nonsynonymous,G,0.003587
C1S2441,1,39105173,LOC100131576,Nonsynonymous,A,0.000717
C1S2906,1,46294146,LOC100133124,Nonsynonymous,A,0.316356
C1S2917,1,46300188,LOC100133124,Nonsynonymous,T,0.000717
C1S2926,1,46304340,LOC100133124,Synonymous,T,0.000717
C1S2932,1,46305289,LOC100133124,Nonsynonymous,A,0.002152
C1S2933,1,46305291,LOC100133124,Nonsynonymous,A,0.025108
C1S2950,1,46318927,LOC100133124,Synonymous,A,0.000717
C1S2951,1,46318957,LOC100133124,Nonsynonymous,G,0.000717
C1S2952,1,46318985,LOC100133124,Nonsynonymous,A,0.000717
C1S2953,1,46318995,LOC100133124,Nonsynonymous,A,0.001435
C1S3283,1,53231644,LOC100133211,Unknown,A,0.002152
C1S3286,1,53231769,LOC100133211,Unknown,C,0.004304
C1S3288,1,53231844,LOC100133211,Unknown,G,0.000717
C1S3289,1,53231950,LOC100133211,Unknown,C,0.012912
C1S3895,1,71285231,LOC100132618,Synonymous,A,0.04878
C1S3896,1,71285344,LOC100132618,Nonsynonymous,A,0.000717
C1S3905,1,72513222,LOC100132353,Unknown,A,0.011478
C1S4147,1,76938423,LOC100133118,Unknown,C,0.43759
C1S6733,1,150959096,LOC100129271,Nonsynonymous,C,0.006456
C1S6734,1,150959212,LOC100129271,Synonymous,G,0.003587
C1S6742,1,151015519,LOC100132572,Nonsynonymous,A,0.000717
C1S6743,1,151015555,LOC100132572,Synonymous,A,0.000717
C1S6744,1,151015581,LOC100132572,Nonsynonymous,T,0.000717
C1S6745,1,151015586,LOC100132572,Nonsynonymous,T,0.001435
C1S6746,1,151015616,LOC100132572,Nonsynonymous,A,0.003587
C1S6747,1,151015715,LOC100132572,Nonsynonymous,T,0.038737
C1S6752,1,151016072,LOC100132572,Unknown,T,0.011478
C1S6765,1,151051524,LOC100129412,Unknown,T,0.009326
C1S6766,1,151051608,LOC100129412,Nonsynonymous,T,0.000717
C1S6767,1,151051640,LOC100129412,Nonsynonymous,G,0.000717
C1S7180,1,154082089,LOC100132108,Unknown,A,0.000717
C1S7181,1,154082196,LOC100132108,Unknown,G,0.032281
C1S7182,1,154082203,LOC100132108,Unknown,T,0.000717
C1S7183,1,154082229,LOC100132108,Unknown,T,0.001435
C1S10760,1,226766100,LOC100129094,Unknown,C,0.005022
C2S1154,2,62633798,LOC100129162,Unknown,A,0.000717
C2S1158,2,62633944,LOC100129162,Unknown,C,0.06241
C2S1668,2,87057201,RGPD1,Unknown,G,0.19297
C2S1669,2,87057230,RGPD1,Unknown,C,0.302009
C2S1670,2,87057266,RGPD1,Unknown,C,0.008608
C2S2150,2,107821735,RGPD4,Synonymous,T,0.023673
C2S2152,2,107821810,RGPD4,Synonymous,T,0.002152
C2S2154,2,107842360,RGPD4,Nonsynonymous,T,0.015782
C2S2155,2,107842383,RGPD4,Nonsynonymous,G,0.016499
C2S2156,2,107842390,RGPD4,Nonsynonymous,G,0.131277
C2S2157,2,107842621,RGPD4,Nonsynonymous,T,0.005022
C2S2158,2,107842622,RGPD4,Synonymous,G,0.002869
C2S2159,2,107845597,RGPD4,Nonsynonymous,C,0.005739
C2S2160,2,107845680,RGPD4,Synonymous,A,0.007891
C2S2161,2,107845707,RGPD4,Synonymous,G,0.001435
C2S2162,2,107853864,RGPD4,Nonsynonymous,T,0.006456
C2S2163,2,107854047,RGPD4,Nonsynonymous,C,0.000717
C2S2164,2,107854179,RGPD4,Nonsynonymous,T,0.003587
C2S2165,2,107854243,RGPD4,Synonymous,G,0.000717
C2S2166,2,107854245,RGPD4,Nonsynonymous,A,0.002869
C2S2167,2,107854258,RGPD4,Synonymous,T,0.006456
C2S2168,2,107854261,RGPD4,Synonymous,C,0.022956
C2S2169,2,107854309,RGPD4,Synonymous,C,0.011478
C2S2171,2,107854797,RGPD4,Nonsynonymous,T,0.003587
C2S2172,2,107854955,RGPD4,Nonsynonymous,C,0.003587
C2S2174,2,107855174,RGPD4,Nonsynonymous,T,0.009326
C2S2175,2,107855621,RGPD4,Nonsynonymous,C,0.003587
C2S2176,2,107855638,RGPD4,Synonymous,T,0.009326
C2S2177,2,107862867,RGPD4,Nonsynonymous,A,0.29627
C2S2178,2,107862870,RGPD4,Nonsynonymous,T,0.017934
C2S2179,2,107862884,RGPD4,Synonymous,T,0.010043
C2S2180,2,107862935,RGPD4,Nonsynonymous,G,0.003587
C2S2181,2,107862937,RGPD4,Nonsynonymous,A,0.011478
C2S2182,2,107862944,RGPD4,Synonymous,T,0.000717
C2S2183,2,107862957,RGPD4,Nonsynonymous,A,0.029412
C2S2184,2,107862958,RGPD4,Nonsynonymous,T,0.023673
C2S2185,2,107862970,RGPD4,Nonsynonymous,A,0.027977
C2S2709,2,128105260,LOC100128411,Synonymous,A,0.005022
C2S8225,2,242163979,LOC100129675,Nonsynonymous,A,0.033716
C3S774,3,33130786,LOC100132168,Synonymous,A,0.07604
C3S1175,3,45612257,LOC100130135,Synonymous,T,0.04089
C3S1176,3,45612443,LOC100130135,Synonymous,C,0.111908
C3S4742,3,157914782,LOC100130758,Unknown,G,0.002869
C3S5534,3,188929726,LOC100131635,Synonymous,A,0.385222
C3S5535,3,188930313,LOC100131635,Nonsynonymous,A,0.000717
C4S4590,4,167239675,LOC100128186,Unknown,G,0.000717
C4S4593,4,167239964,LOC100128186,Nonsynonymous,C,0.002152
C4S4594,4,167240005,LOC100128186,Nonsynonymous,A,0.002152
C4S4595,4,167240087,LOC100128186,Synonymous,C,0.000717
C4S4596,4,167240094,LOC100128186,Nonsynonymous,G,0.250359
C4S4597,4,167240097,LOC100128186,Nonsynonymous,A,0.000717
C4S4598,4,167240126,LOC100128186,Synonymous,T,0.002869
C4S5113,4,186145943,LOC100129240,Nonsynonymous,A,0.006456
C5S1561,5,80445485,LOC100129411,Synonymous,C,0.010043
C5S2322,5,132115596,SEPT8,Nonsynonymous,A,0.002869
C5S2329,5,132116484,SEPT8,Nonsynonymous,C,0.000717
C5S2330,5,132116520,SEPT8,Nonsynonymous,C,0.001435
C5S2343,5,132126141,SEPT8,Synonymous,G,0.083214
C5S4783,5,176987278,LOC100130230,Unknown,T,0.284792
C5S4788,5,176991211,LOC100130230,Unknown,C,0.005739
C5S4790,5,176991302,LOC100130230,Unknown,A,0.050933
C5S4792,5,176991371,LOC100130230,Unknown,C,0.000717
C5S4793,5,176991372,LOC100130230,Unknown,A,0.132712
C5S4796,5,176991671,LOC100130230,Unknown,C,0.001435
C5S4797,5,176991736,LOC100128901,Unknown,G,0.215208
C5S4798,5,176991842,LOC100130230,Unknown,T,0.000717
C5S4799,5,176991915,LOC100128901,Unknown,C,0.002152
C5S4806,5,177031971,LOC100128901,Unknown,T,0.012912
C6S764,6,25840281,LOC100129474,Unknown,C,0.155667
C6S765,6,25840293,LOC100129474,Unknown,T,0.264706
C6S766,6,25840310,LOC100129474,Unknown,A,0.384505
C6S2393,6,31954720,LOC100128067,Nonsynonymous,A,0.043042
C6S2958,6,43846955,VEGFA,Synonymous,T,0.023673
C6S2969,6,43853233,VEGFA,Synonymous,A,0.000717
C6S2970,6,43853332,VEGFA,Synonymous,T,0.000717
C6S2981,6,43854181,VEGFA,Nonsynonymous,T,0.002152
C6S3010,6,43856523,VEGFA,Nonsynonymous,A,0.002869
C6S3025,6,43860324,VEGFA,Unknown,A,0.000717
C6S7240,6,166746294,LOC100127984,Synonymous,C,0.310617
C7S544,7,27149473,LOC100133311,Synonymous,G,0.000717
C7S546,7,27149531,LOC100133311,Nonsynonymous,T,0.01363
C7S547,7,27149557,LOC100133311,Synonymous,T,0.006456
C7S566,7,27153601,LOC100133311,Nonsynonymous,G,0.001435
C7S568,7,27153791,LOC100133311,Nonsynonymous,T,0.000717
C7S1569,7,63079206,LOC100129126,Unknown,A,0.035868
C7S1570,7,63079236,LOC100129126,Unknown,T,0.022238
C7S1759,7,72035348,LOC100131972,Synonymous,T,0.000717
C7S1760,7,72035356,LOC100131972,Nonsynonymous,A,0.002869
C7S1893,7,74908194,LOC100101267,Nonsynonymous,C,0.000717
C7S1894,7,74908299,LOC100132228,Synonymous,G,0.022956
C7S1895,7,74908313,LOC100132228,Nonsynonymous,A,0.001435
C7S2437,7,100025916,LOC100129845,Nonsynonymous,G,0.000717
C7S2440,7,100027379,LOC100129845,Nonsynonymous,G,0.000717
C7S2441,7,100027398,LOC100129845,Synonymous,T,0.000717
C7S2442,7,100027408,LOC100129845,Nonsynonymous,G,0.000717
C7S2450,7,100029958,LOC100129845,Nonsynonymous,G,0.000717
C7S2451,7,100029995,LOC100129845,Nonsynonymous,T,0.000717
C7S2452,7,100030053,LOC100129845,Nonsynonymous,A,0.002869
C7S2466,7,100036323,LOC100129845,Synonymous,A,0.000717
C7S2483,7,100328013,LOC100127899,Synonymous,A,0.087518
C7S2484,7,100328178,LOC100127899,Synonymous,T,0.000717
C7S2488,7,100328733,LOC100127899,Nonsynonymous,T,0.012195
C7S2489,7,100328743,LOC100127899,Synonymous,T,0.000717
C7S2490,7,100328745,LOC100127899,Nonsynonymous,T,0.000717
C7S2491,7,100328758,LOC100127899,Synonymous,T,0.011478
C7S2492,7,100328900,LOC100127899,Nonsynonymous,A,0.000717
C7S2493,7,100328917,LOC100127899,Synonymous,A,0.000717
C7S2494,7,100328983,LOC100127899,Synonymous,T,0.005022
C7S2495,7,100329103,LOC100127899,Synonymous,T,0.000717
C7S5090,7,151449710,LOC100130591,Unknown,C,0.011478
C7S5091,7,151593109,LOC100130590,Synonymous,A,0.046628
C7S5126,7,154721575,LOC100129810,Unknown,G,0.022956
C8S675,8,24830588,NEFM,Nonsynonymous,A,0.014347
C8S1490,8,41638109,LOC100129400,Unknown,T,0.000717
C8S1491,8,41638322,LOC100129400,Unknown,T,0.001435
C8S1511,8,41641496,LOC100129400,Nonsynonymous,T,0.000717
C8S1512,8,41641564,LOC100129400,Nonsynonymous,C,0.005739
C8S2187,8,65629536,LOC100129963,Unknown,A,0.197991
C8S5036,8,145693430,LOC100133015,Synonymous,A,0.002152
C8S5041,8,145695083,LOC100133015,Unknown,C,0.305595
C8S5042,8,145695208,LOC100133015,Synonymous,A,0.000717
C8S5043,8,145695217,LOC100133015,Synonymous,T,0.002152
C9S570,9,4816888,LOC100129106,Nonsynonymous,C,0.001435
C9S571,9,4816961,LOC100129106,Nonsynonymous,G,0.000717
C9S572,9,4816964,LOC100129106,Nonsynonymous,T,0.000717
C9S597,9,4823154,LOC100129106,Nonsynonymous,A,0.012912
C9S613,9,4824150,LOC100129106,Nonsynonymous,T,0.000717
C9S614,9,4824151,LOC100129106,Nonsynonymous,T,0.003587
C9S632,9,4831239,LOC100129106,Nonsynonymous,C,0.000717
C9S653,9,4834549,LOC100129106,Synonymous,T,0.000717
C9S670,9,4839515,LOC100129106,Synonymous,C,0.002869
C9S680,9,4850182,LOC100129106,Synonymous,G,0.000717
C9S681,9,4850267,LOC100129106,Nonsynonymous,T,0.000717
C9S744,9,5079770,LOC100129248,Nonsynonymous,A,0.000717
C9S745,9,5080534,LOC100129248,Synonymous,T,0.000717
C9S747,9,5080783,LOC100129248,Synonymous,A,0.003587
C9S748,9,5080810,LOC100129248,Synonymous,T,0.004304
C9S4294,9,130620565,LOC100129035,Unknown,T,0.428981
C10S2449,10,49791727,WDFY4,Synonymous,A,0.005739
C10S2451,10,49791790,WDFY4,Synonymous,C,0.005739
C10S2462,10,50336919,LOC100128032,Nonsynonymous,C,0.001435
C10S2469,10,50337205,LOC100128032,Nonsynonymous,A,0.000717
C10S2470,10,50337235,LOC100128032,Nonsynonymous,T,0.004304
C10S2488,10,50339495,LOC100128032,Nonsynonymous,C,0.000717
C10S2503,10,50348238,LOC100128032,Synonymous,C,0.006456
C10S2504,10,50348267,LOC100128032,Nonsynonymous,T,0.002869
C10S2505,10,50348323,LOC100128032,Nonsynonymous,G,0.07604
C10S2507,10,50348362,LOC100128032,Nonsynonymous,C,0.002152
C10S2508,10,50348375,LOC100128032,Nonsynonymous,C,0.117647
C10S2511,10,50348576,LOC100128032,Nonsynonymous,C,0.001435
C10S2512,10,50348723,LOC100128032,Nonsynonymous,C,0.110473
C10S2516,10,50348929,LOC100128032,Nonsynonymous,A,0.000717
C10S2519,10,50349087,LOC100128032,Synonymous,A,0.034433
C10S2520,10,50349101,LOC100128032,Nonsynonymous,C,0.000717
C10S2529,10,50350769,LOC100128032,Unknown,A,0.001435
C10S3267,10,70730616,LOC100132400,Nonsynonymous,A,0.281205
C10S6269,10,123343305,LOC100131885,Nonsynonymous,G,0.004304
C11S5670,11,107888819,LOC100128794,Synonymous,G,0.000717
C11S5671,11,107888825,LOC100128794,Synonymous,T,0.002869
C11S5672,11,107888826,LOC100128794,Nonsynonymous,A,0.000717
C11S5673,11,107888886,LOC100128794,Nonsynonymous,G,0.359397
C11S5674,11,107889093,LOC100128794,Nonsynonymous,A,0.001435
C11S5675,11,107889115,LOC100128794,Nonsynonymous,T,0.000717
C11S5676,11,107889231,LOC100128794,Nonsynonymous,C,0.004304
C11S5677,11,107889417,LOC100128794,Nonsynonymous,C,0.299139
C11S5678,11,107889436,LOC100128794,Nonsynonymous,C,0.000717
C11S5679,11,107889483,LOC100128794,Nonsynonymous,C,0.005739
C11S5680,11,107889615,LOC100128794,Nonsynonymous,G,0.002869
C11S5681,11,107889731,LOC100128794,Synonymous,A,0.000717
C11S5682,11,107889832,LOC100128794,Nonsynonymous,T,0.002152
C11S5683,11,107889871,LOC100128794,Nonsynonymous,A,0.006456
C11S5684,11,107889876,LOC100128794,Nonsynonymous,C,0.001435
C11S5685,11,107889910,LOC100128794,Nonsynonymous,A,0.042324
C11S5686,11,107889950,LOC100128794,Synonymous,C,0.002869
C11S5687,11,107890067,LOC100128794,Synonymous,C,0.011478
C11S5688,11,107890194,LOC100128794,Nonsynonymous,A,0.001435
C11S5689,11,107890247,LOC100128794,Synonymous,A,0.010043
C11S5694,11,107890449,LOC100128794,Nonsynonymous,C,0.000717
C11S5695,11,107890461,LOC100128794,Nonsynonymous,T,0.011478
C11S5696,11,107890718,LOC100128794,Nonsynonymous,C,0.002869
C11S5697,11,107890728,LOC100128794,Nonsynonymous,G,0.001435
C11S5698,11,107890801,LOC100128794,Nonsynonymous,C,0.000717
C11S6300,11,118269695,BLR1,Nonsynonymous,T,0.000717
C11S6948,11,127032732,LOC100132514,Unknown,A,0.008608
C11S6949,11,127032874,LOC100132514,Unknown,T,0.480631
C11S6963,11,128312416,LOC100131487,Unknown,G,0.000717
C12S839,12,11177398,TAS2R47,Unknown,G,0.000717
C12S2582,12,51075195,LOC100129509,Nonsynonymous,A,0.015065
C12S2648,12,51281163,LOC100127967,Nonsynonymous,G,0.009326
C12S2649,12,51281222,LOC100127967,Synonymous,A,0.120516
C12S2657,12,51288256,LOC100127967,Synonymous,T,0.004304
C12S2658,12,51288258,LOC100127967,Nonsynonymous,G,0.004304
C12S2660,12,51288360,LOC100127967,Nonsynonymous,C,0.004304
C12S2661,12,51288430,LOC100127967,Synonymous,A,0.000717
C12S2681,12,51290730,LOC100127967,Nonsynonymous,T,0.000717
C12S2682,12,51290734,LOC100127967,Synonymous,T,0.014347
C12S2684,12,51290812,LOC100127967,Nonsynonymous,G,0.001435
C12S2685,12,51290870,LOC100127967,Nonsynonymous,A,0.03802
C12S2692,12,51291280,LOC100127967,Nonsynonymous,A,0.000717
C12S2693,12,51291338,LOC100127967,Nonsynonymous,C,0.002869
C12S2695,12,51291472,LOC100127967,Unknown,C,0.007174
C12S2698,12,51293620,LOC100127967,Unknown,G,0.000717
C12S2701,12,51293759,LOC100127967,Nonsynonymous,T,0.001435
C12S2702,12,51293766,LOC100127967,Synonymous,A,0.000717
C12S2703,12,51293783,LOC100127967,Nonsynonymous,T,0.000717
C12S2766,12,51374741,LOC100128395,Nonsynonymous,T,0.000717
C12S2767,12,51374751,LOC100128395,Nonsynonymous,T,0.283357
C12S2768,12,51374792,LOC100128395,Nonsynonymous,A,0.004304
C12S2987,12,53142204,LOC100130272,Synonymous,A,0.009326
C12S3000,12,53142773,LOC100130272,Nonsynonymous,C,0.002152
C12S6297,12,126216592,LOC100132564,Unknown,A,0.357963
C12S6298,12,126216843,LOC100132564,Unknown,G,0.380201
C14S3414,14,100075188,LOC100130467,Nonsynonymous,T,0.000717
C14S3416,14,100075337,LOC100130467,Synonymous,T,0.000717
C14S3417,14,100076256,LOC100130467,Unknown,T,0.014347
C16S646,16,8803183,LOC100132944,Synonymous,T,0.003587
C16S647,16,8803200,LOC100132944,Nonsynonymous,T,0.008608
C16S648,16,8803230,LOC100132944,Nonsynonymous,T,0.000717
C16S659,16,8806201,LOC100132944,Synonymous,A,0.000717
C16S677,16,8812455,LOC100132944,Synonymous,T,0.000717
C16S678,16,8812511,LOC100132944,Nonsynonymous,A,0.005022
C16S679,16,8812519,LOC100132944,Nonsynonymous,C,0.000717
C16S703,16,8814415,LOC100132944,Nonsynonymous,C,0.002152
C16S704,16,8814459,LOC100132944,Nonsynonymous,G,0.005739
C16S718,16,8849036,LOC100132944,Unknown,A,0.010043
C16S719,16,8849042,LOC100132944,Unknown,C,0.000717
C16S1382,16,22453366,LOC100132247,Unknown,C,0.055237
C16S3421,16,56318325,LOC100132786,Synonymous,T,0.116212
C16S3422,16,56318327,LOC100132786,Nonsynonymous,A,0.001435
C16S3429,16,56318730,LOC100132786,Nonsynonymous,G,0.000717
C16S3430,16,56318749,LOC100132786,Nonsynonymous,T,0.007891
C16S3440,16,56319987,LOC100132786,Nonsynonymous,A,0.001435
C17S2468,17,34479690,LOC100131347,Nonsynonymous,A,0.000717
C17S2508,17,34515643,LOC100131347,Synonymous,T,0.007174
C17S2509,17,34515681,LOC100131347,Nonsynonymous,T,0.000717
C17S2510,17,34515706,LOC100131347,Synonymous,A,0.001435
C17S2518,17,34517208,LOC100131347,Nonsynonymous,T,0.000717
C17S2519,17,34517356,LOC100131347,Nonsynonymous,T,0.01076
C17S2529,17,34518720,LOC100131347,Synonymous,A,0.003587
C17S2530,17,34518749,LOC100131347,Nonsynonymous,A,0.000717
C17S2534,17,34519085,LOC100131347,Nonsynonymous,T,0.000717
C17S2535,17,34519126,LOC100131347,Nonsynonymous,T,0.000717
C17S2546,17,34549461,LOC100131347,Nonsynonymous,T,0.002152
C17S3512,17,45143788,LOC100132471,Nonsynonymous,G,0.000717
C17S3518,17,45148544,LOC100132471,Nonsynonymous,T,0.000717
C17S3523,17,45149908,LOC100132471,Synonymous,A,0.008608
C17S3525,17,45149944,LOC100132471,Synonymous,G,0.000717
C17S3526,17,45150022,LOC100132471,Nonsynonymous,C,0.008608
C17S3529,17,45152018,LOC100132471,Unknown,T,0.000717
C17S3530,17,45152129,LOC100132471,Synonymous,A,0.000717
C18S2351,18,31098054,ZNF397OS,Synonymous,T,0.005022
C18S2830,18,52457089,LOC100130858,Unknown,C,0.003587
C18S2831,18,52457194,LOC100130858,Unknown,A,0.036585
C19S994,19,9274149,ZNF699,Unknown,C,0.010043
C19S995,19,9274152,ZNF699,Unknown,C,0.03802
C19S1281,19,11988128,LOC100129837,Nonsynonymous,G,0.000717
C19S1282,19,12015799,LOC100129837,Unknown,C,0.025825
C19S1354,19,12179164,LOC730651,Unknown,T,0.000717
C19S1355,19,12179175,LOC730651,Unknown,G,0.004304
C19S1357,19,12180644,LOC730651,Unknown,A,0.004304
C19S1358,19,12180662,LOC730651,Unknown,G,0.122669
C19S1360,19,12219722,LOC100129686,Unknown,A,0.012912
C19S1361,19,12219788,LOC100129686,Unknown,G,0.000717
C19S1362,19,12222075,LOC100129686,Unknown,C,0.000717
C19S1363,19,12222155,LOC100129686,Unknown,C,0.017217
C19S1416,19,14764164,LOC100129118,Unknown,T,0.006456
C19S1417,19,14764275,LOC100129118,Unknown,C,0.005022
C19S1418,19,14764285,LOC100129118,Unknown,A,0.008608
C19S2749,19,21630135,LOC400682,Unknown,G,0.020086
C19S2750,19,21630191,LOC400682,Unknown,G,0.33429
C19S2751,19,21630332,LOC400682,Unknown,G,0.295552
C19S2752,19,21630358,LOC400682,Unknown,G,0.032999
C19S2753,19,21630368,LOC400682,Unknown,T,0.034433
C19S2754,19,21630405,LOC400682,Unknown,C,0.279053
C19S2755,19,21630426,LOC400682,Unknown,A,0.002152
C19S2756,19,21630497,LOC400682,Unknown,A,0.393831
C19S2757,19,21630625,LOC400682,Unknown,T,0.339311
C19S2758,19,21630670,LOC400682,Unknown,C,0.283357
C19S2799,19,22289031,LOC100130518,Unknown,A,0.000717
C19S2800,19,22289915,LOC100130518,Unknown,G,0.002869
C19S2801,19,22290783,LOC100130518,Unknown,C,0.037303
C19S2802,19,22291497,LOC100130518,Unknown,G,0.000717
C19S2803,19,22291693,LOC100130518,Unknown,G,0.003587
C19S2804,19,22291720,LOC100130518,Unknown,A,0.002869
C19S2823,19,22660045,LOC100130108,Unknown,C,0.016499
C19S2848,19,23108787,LOC100129543,Unknown,T,0.012195
C19S2849,19,23120573,LOC100129543,Unknown,T,0.004304
C19S2850,19,23120780,LOC100129543,Nonsynonymous,A,0.340029
C19S2873,19,23466823,LOC100128853,Unknown,C,0.002152
C19S2874,19,23466933,LOC100128853,Unknown,T,0.034433
C19S2875,19,23467260,LOC100128853,Unknown,T,0.029412
C19S2876,19,23467333,LOC100128853,Unknown,A,0.000717
C19S2878,19,23467401,LOC100128853,Unknown,C,0.032999
C19S2879,19,23467548,LOC100128853,Unknown,T,0.001435
C19S2880,19,23467753,LOC100128853,Unknown,C,0.002152
C19S2881,19,23467926,LOC100128853,Unknown,T,0.001435
C19S2882,19,23467974,LOC100128853,Unknown,C,0.025108
C19S2888,19,23571339,LOC100131479,Unknown,C,0.030846
C19S2889,19,23571723,LOC100131479,Unknown,A,0.002152
C19S5919,19,63332722,LOC100128940,Unknown,G,0.002152
C19S5920,19,63332730,LOC100128940,Unknown,A,0.001435
C19S5952,19,63765425,LOC100131691,Synonymous,G,0.098278
C19S5955,19,63766067,LOC100131691,Synonymous,C,0.000717
C19S5956,19,63766241,LOC100131691,Synonymous,T,0.119799
C19S5963,19,63766667,LOC100131691,Synonymous,C,0.008608
C19S5972,19,63772699,LOC100131691,Nonsynonymous,T,0.007174
C19S5974,19,63773587,LOC100131691,Synonymous,T,0.002152
C19S5975,19,63773618,LOC100131691,Nonsynonymous,C,0.001435
C19S5977,19,63774180,LOC100131691,Nonsynonymous,T,0.035868
C19S5978,19,63774261,LOC100131691,Nonsynonymous,T,0.01076
C19S5980,19,63774451,LOC100131691,Nonsynonymous,A,0.019369
C19S5986,19,63776773,LOC100131691,Unknown,G,0.000717
C20S1207,20,34587616,LOC100129548,Unknown,A,0.000717
C20S1532,20,45740836,LOC100129872,Nonsynonymous,A,0.000717
C20S1541,20,45745161,LOC100129872,Nonsynonymous,T,0.000717
C20S1542,20,45745270,LOC100129872,Synonymous,C,0.007891
C21S1312,21,43062951,LOC100132338,Unknown,C,0.005739
C21S1515,21,45178065,LOC100128193,Synonymous,C,0.003587
C21S1516,21,45178106,LOC100128193,Nonsynonymous,A,0.005022
C21S1541,21,46313309,LOC100133289,Unknown,A,0.004304
C21S1543,21,46313477,LOC100133289,Unknown,G,0.321377
C21S1544,21,46313514,LOC100133289,Unknown,T,0.472023
C21S1545,21,46313550,LOC100133289,Unknown,A,0.15208
C21S1546,21,46313566,LOC100133289,Unknown,T,0.35868
C21S1547,21,46313629,LOC100133289,Unknown,T,0.004304
C21S1548,21,46313640,LOC100133289,Unknown,A,0.020803
C22S2039,22,38470083,LOC100132621,Synonymous,T,0.012195
C22S2042,22,38470137,LOC100132621,Synonymous,C,0.000717
C22S2043,22,38470174,LOC100132621,Nonsynonymous,G,0.000717
C22S2044,22,38470189,LOC100132621,Nonsynonymous,G,0.000717
